Workbook

Sheet Datos
C1: 470 MHz | D1: 862 MHz
A2: Cable coaxial T-100 241
B3: Pérdidas (dB/m) | C3: =0.12 -> 0.12 | D3: =0.15 -> 0.15
A4: Derivador 544602
B5: Pérdidas de paso (dB) | C5: =0.8 -> 0.8 | D5: =C5 -> 0.8
B6: Pérdidas de derivación (dB) | C6: =21 -> 21 | D6: =C6 -> 21
A7: Derivador 544502
B8: Pérdidas de paso (dB) | C8: =3.3 -> 3.3 | D8: =C8 -> 3.3
B9: Pérdidas de derivación (dB) | C9: =17 -> 17 | D9: =C9 -> 17
A10: Derivador 544402
B11: Pérdidas de paso (dB) | C11: =3.5 -> 3.5 | D11: =C11 -> 3.5
B12: Pérdidas de derivación (dB) | C12: =13 -> 13 | D12: =C12 -> 13
A13: Derivador 542503
B14: Pérdidas de paso (dB) | C14: =4 -> 4 | D14: =C14 -> 4
B15: Pérdidas de derivación (dB) | C15: =14 -> 14 | D15: =C15 -> 14
A16: PAU Repartidor 4D 544902
B17: Pérdidas de paso (dB) | C17: =9 -> 9 | D17: =C17 -> 9
A18: PAU Repartidor 5D 5454
B19: Pérdidas de paso (dB) | C19: =13 -> 13 | D19: =C19 -> 13
A20: Toma 5229
B21: Pérdidas de derivación (dB) | C21: =4 -> 4 | D21: =C21 -> 4

Sheet Atenuación tomas
E1: Longitud cable (m) | F1: 470 MHz | G1: 862 MHz
A2: Planta Ático
B3: Vivienda 1
C4: Toma 1, V1, PA
D5: Pérdidas 3 metros de cable coaxial | E5: =3 -> 3 | F5: =Datos!C$3*'Atenuación tomas'!$E5 -> 0.36 | G5: =Datos!D$3*'Atenuación tomas'!$E5 -> 0.45
D6: Pérdidas de derivación derivador Televés 5446 (4D) | F6: =Datos!C$6 -> 21 | G6: =Datos!D$6 -> 21
D7: Pérdidas 1,17 metros de cable coaxial | E7: =1.17 -> 1.17 | F7: =Datos!C$3*'Atenuación tomas'!$E7 -> 0.1404 | G7: =Datos!D$3*'Atenuación tomas'!$E7 -> 0.1755
D8: Pérdidas de inserción o paso PAU Televés 544902 (4D) | F8: =Datos!C$17 -> 9 | G8: =Datos!D$17 -> 9
D9: Pérdidas 5,83 metros de cable coaxial | E9: =5.83 -> 5.83 | F9: =Datos!C$3*'Atenuación tomas'!$E9 -> 0.6996 | G9: =Datos!D$3*'Atenuación tomas'!$E9 -> 0.8745
D10: Pérdidas derivación toma Televés 5229 | F10: =Datos!C$21 -> 4 | G10: =Datos!D$21 -> 4
D11: Atenuación Total | F11: =SUM(F5:F10) -> 35.2 | G11: =SUM(G5:G10) -> 35.5
C12: Toma 2, V1, PA
D13: Pérdidas 3 metros de cable coaxial | E13: =3 -> 3 | F13: =Datos!C$3*'Atenuación tomas'!$E13 -> 0.36 | G13: =Datos!D$3*'Atenuación tomas'!$E13 -> 0.45
D14: Pérdidas de derivación derivador Televés 5446 (4D) | F14: =Datos!C$6 -> 21 | G14: =Datos!D$6 -> 21
D15: Pérdidas 1,17 metros de cable coaxial | E15: =1.17 -> 1.17 | F15: =Datos!C$3*'Atenuación tomas'!$E15 -> 0.1404 | G15: =Datos!D$3*'Atenuación tomas'!$E15 -> 0.1755
D16: Pérdidas de inserción o paso PAU Televés 544902 (4D) | F16: =Datos!C$17 -> 9 | G16: =Datos!D$17 -> 9
D17: Pérdidas 6,19 metros de cable coaxial | E17: =6.19 -> 6.19 | F17: =Datos!C$3*'Atenuación tomas'!$E17 -> 0.7428 | G17: =Datos!D$3*'Atenuación tomas'!$E17 -> 0.9285
D18: Pérdidas derivación toma Televés 5229 | F18: =Datos!C$21 -> 4 | G18: =Datos!D$21 -> 4
D19: Atenuación Total | F19: =SUM(F13:F18) -> 35.2432 | G19: =SUM(G13:G18) -> 35.554
C20: Toma 3, V1, PA
D21: Pérdidas 3 metros de cable coaxial | E21: =3 -> 3 | F21: =Datos!C$3*'Atenuación tomas'!$E21 -> 0.36 | G21: =Datos!D$3*'Atenuación tomas'!$E21 -> 0.45
D22: Pérdidas de derivación derivador Televés 5446 (4D) | F22: =Datos!C$6 -> 21 | G22: =Datos!D$6 -> 21
D23: Pérdidas 1,17 metros de cable coaxial | E23: =1.17 -> 1.17 | F23: =Datos!C$3*'Atenuación tomas'!$E23 -> 0.1404 | G23: =Datos!D$3*'Atenuación tomas'!$E23 -> 0.1755
D24: Pérdidas de inserción o paso PAU Televés 544902 (4D) | F24: =Datos!C$17 -> 9 | G24: =Datos!D$17 -> 9
D25: Pérdidas 7,22 metros de cable coaxial | E25: =7.22 -> 7.22 | F25: =Datos!C$3*'Atenuación tomas'!$E25 -> 0.8664 | G25: =Datos!D$3*'Atenuación tomas'!$E25 -> 1.083
D26: Pérdidas derivación toma Televés 5229 | F26: =Datos!C$21 -> 4 | G26: =Datos!D$21 -> 4
D27: Atenuación Total | F27: =SUM(F21:F26) -> 35.3668 | G27: =SUM(G21:G26) -> 35.7085
C28: Toma 4, V1, PA
D29: Pérdidas 3 metros de cable coaxial | E29: =3 -> 3 | F29: =Datos!C$3*'Atenuación tomas'!$E29 -> 0.36 | G29: =Datos!D$3*'Atenuación tomas'!$E29 -> 0.45
D30: Pérdidas de derivación derivador Televés 5446 (4D) | F30: =Datos!C$6 -> 21 | G30: =Datos!D$6 -> 21
D31: Pérdidas 1,17 metros de cable coaxial | E31: =1.17 -> 1.17 | F31: =Datos!C$3*'Atenuación tomas'!$E31 -> 0.1404 | G31: =Datos!D$3*'Atenuación tomas'!$E31 -> 0.1755
D32: Pérdidas de inserción o paso PAU Televés 544902 (4D) | F32: =Datos!C$17 -> 9 | G32: =Datos!D$17 -> 9
D33: Pérdidas 6,62 metros de cable coaxial | E33: =6.62 -> 6.62 | F33: =Datos!C$3*'Atenuación tomas'!$E33 -> 0.7944 | G33: =Datos!D$3*'Atenuación tomas'!$E33 -> 0.993
D34: Pérdidas derivación toma Televés 5229 | F34: =Datos!C$21 -> 4 | G34: =Datos!D$21 -> 4
D35: Atenuación Total | F35: =SUM(F29:F34) -> 35.2948 | G35: =SUM(G29:G34) -> 35.6185
B36: Vivienda 2
C37: Toma 1, V2, PA
D38: Pérdidas 3 metros de cable coaxial | E38: =3 -> 3 | F38: =Datos!C$3*'Atenuación tomas'!$E38 -> 0.36 | G38: =Datos!D$3*'Atenuación tomas'!$E38 -> 0.45
D39: Pérdidas de derivación derivador Televés 5446 (4D) | F39: =Datos!C$6 -> 21 | G39: =Datos!D$6 -> 21
D40: Pérdidas 4,54 metros de cable coaxial | E40: =4.54 -> 4.54 | F40: =Datos!C$3*'Atenuación tomas'!$E40 -> 0.5448 | G40: =Datos!D$3*'Atenuación tomas'!$E40 -> 0.681
D41: Pérdidas de inserción o paso PAU Televés 544902 (4D) | F41: =Datos!C$17 -> 9 | G41: =Datos!D$17 -> 9
D42: Pérdidas 5,00 metros de cable coaxial | E42: =5 -> 5 | F42: =Datos!C$3*'Atenuación tomas'!$E42 -> 0.6 | G42: =Datos!D$3*'Atenuación tomas'!$E42 -> 0.75
D43: Pérdidas derivación toma Televés 5229 | F43: =Datos!C$21 -> 4 | G43: =Datos!D$21 -> 4
D44: Atenuación Total | F44: =SUM(F38:F43) -> 35.5048 | G44: =SUM(G38:G43) -> 35.881
C45: Toma 2, V2, PA
D46: Pérdidas 3 metros de cable coaxial | E46: =3 -> 3 | F46: =Datos!C$3*'Atenuación tomas'!$E46 -> 0.36 | G46: =Datos!D$3*'Atenuación tomas'!$E46 -> 0.45
D47: Pérdidas de derivación derivador Televés 5446 (4D) | F47: =Datos!C$6 -> 21 | G47: =Datos!D$6 -> 21
D48: Pérdidas 4,54 metros de cable coaxial | E48: =4.54 -> 4.54 | F48: =Datos!C$3*'Atenuación tomas'!$E48 -> 0.5448 | G48: =Datos!D$3*'Atenuación tomas'!$E48 -> 0.681
D49: Pérdidas de inserción o paso PAU Televés 544902 (4D) | F49: =Datos!C$17 -> 9 | G49: =Datos!D$17 -> 9
D50: Pérdidas 8,49 metros de cable coaxial | E50: =8.49 -> 8.49 | F50: =Datos!C$3*'Atenuación tomas'!$E50 -> 1.0188 | G50: =Datos!D$3*'Atenuación tomas'!$E50 -> 1.2735
D51: Pérdidas derivación toma Televés 5229 | F51: =Datos!C$21 -> 4 | G51: =Datos!D$21 -> 4
D52: Atenuación Total | F52: =SUM(F46:F51) -> 35.9236 | G52: =SUM(G46:G51) -> 36.4045
C53: Toma 3, V2, PA
D54: Pérdidas 3 metros de cable coaxial | E54: =3 -> 3 | F54: =Datos!C$3*'Atenuación tomas'!$E54 -> 0.36 | G54: =Datos!D$3*'Atenuación tomas'!$E54 -> 0.45
D55: Pérdidas de derivación derivador Televés 5446 (4D) | F55: =Datos!C$6 -> 21 | G55: =Datos!D$6 -> 21
D56: Pérdidas 4,54 metros de cable coaxial | E56: =4.54 -> 4.54 | F56: =Datos!C$3*'Atenuación tomas'!$E56 -> 0.5448 | G56: =Datos!D$3*'Atenuación tomas'!$E56 -> 0.681
D57: Pérdidas de inserción o paso PAU Televés 544902 (4D) | F57: =Datos!C$17 -> 9 | G57: =Datos!D$17 -> 9
D58: Pérdidas 9,67 metros de cable coaxial | E58: =9.67 -> 9.67 | F58: =Datos!C$3*'Atenuación tomas'!$E58 -> 1.1604 | G58: =Datos!D$3*'Atenuación tomas'!$E58 -> 1.4505
D59: Pérdidas derivación toma Televés 5229 | F59: =Datos!C$21 -> 4 | G59: =Datos!D$21 -> 4
D60: Atenuación Total | F60: =SUM(F54:F59) -> 36.0652 | G60: =SUM(G54:G59) -> 36.5815
B61: Vivienda 3
C62: Toma 1, V3, PA
D63: Pérdidas 3 metros de cable coaxial | E63: =3 -> 3 | F63: =Datos!C$3*'Atenuación tomas'!$E63 -> 0.36 | G63: =Datos!D$3*'Atenuación tomas'!$E63 -> 0.45
D64: Pérdidas de derivación derivador Televés 5446 (4D) | F64: =Datos!C$6 -> 21 | G64: =Datos!D$6 -> 21
D65: Pérdidas 4,94 metros de cable coaxial | E65: =4.94 -> 4.94 | F65: =Datos!C$3*'Atenuación tomas'!$E65 -> 0.5928 | G65: =Datos!D$3*'Atenuación tomas'!$E65 -> 0.741
D66: Pérdidas de inserción o paso PAU Televés 544902 (4D) | F66: =Datos!C$17 -> 9 | G66: =Datos!D$17 -> 9
D67: Pérdidas 7,88 metros de cable coaxial | E67: =7.88 -> 7.88 | F67: =Datos!C$3*'Atenuación tomas'!$E67 -> 0.9456 | G67: =Datos!D$3*'Atenuación tomas'!$E67 -> 1.182
D68: Pérdidas derivación toma Televés 5229 | F68: =Datos!C$21 -> 4 | G68: =Datos!D$21 -> 4
D69: Atenuación Total | F69: =SUM(F63:F68) -> 35.8984 | G69: =SUM(G63:G68) -> 36.373
C70: Toma 2, V3, PA
D71: Pérdidas 3 metros de cable coaxial | E71: =3 -> 3 | F71: =Datos!C$3*'Atenuación tomas'!$E71 -> 0.36 | G71: =Datos!D$3*'Atenuación tomas'!$E71 -> 0.45
D72: Pérdidas de derivación derivador Televés 5446 (4D) | F72: =Datos!C$6 -> 21 | G72: =Datos!D$6 -> 21
D73: Pérdidas 4,94 metros de cable coaxial | E73: =4.94 -> 4.94 | F73: =Datos!C$3*'Atenuación tomas'!$E73 -> 0.5928 | G73: =Datos!D$3*'Atenuación tomas'!$E73 -> 0.741
D74: Pérdidas de inserción o paso PAU Televés 544902 (4D) | F74: =Datos!C$17 -> 9 | G74: =Datos!D$17 -> 9
D75: Pérdidas 4,89 metros de cable coaxial | E75: =4.89 -> 4.89 | F75: =Datos!C$3*'Atenuación tomas'!$E75 -> 0.5868 | G75: =Datos!D$3*'Atenuación tomas'!$E75 -> 0.7335
D76: Pérdidas derivación toma Televés 5229 | F76: =Datos!C$21 -> 4 | G76: =Datos!D$21 -> 4
D77: Atenuación Total | F77: =SUM(F71:F76) -> 35.5396 | G77: =SUM(G71:G76) -> 35.9245
C78: Toma 3, V3, PA
D79: Pérdidas 3 metros de cable coaxial | E79: =3 -> 3 | F79: =Datos!C$3*'Atenuación tomas'!$E79 -> 0.36 | G79: =Datos!D$3*'Atenuación tomas'!$E79 -> 0.45
D80: Pérdidas de derivación derivador Televés 5446 (4D) | F80: =Datos!C$6 -> 21 | G80: =Datos!D$6 -> 21
D81: Pérdidas 4,94 metros de cable coaxial | E81: =4.94 -> 4.94 | F81: =Datos!C$3*'Atenuación tomas'!$E81 -> 0.5928 | G81: =Datos!D$3*'Atenuación tomas'!$E81 -> 0.741
D82: Pérdidas de inserción o paso PAU Televés 544902 (4D) | F82: =Datos!C$17 -> 9 | G82: =Datos!D$17 -> 9
D83: Pérdidas 6,65 metros de cable coaxial | E83: =6.65 -> 6.65 | F83: =Datos!C$3*'Atenuación tomas'!$E83 -> 0.798 | G83: =Datos!D$3*'Atenuación tomas'!$E83 -> 0.9975
D84: Pérdidas derivación toma Televés 5229 | F84: =Datos!C$21 -> 4 | G84: =Datos!D$21 -> 4
D85: Atenuación Total | F85: =SUM(F79:F84) -> 35.7508 | G85: =SUM(G79:G84) -> 36.1885
C86: Toma 4, V3, PA
D87: Pérdidas 3 metros de cable coaxial | E87: =3 -> 3 | F87: =Datos!C$3*'Atenuación tomas'!$E87 -> 0.36 | G87: =Datos!D$3*'Atenuación tomas'!$E87 -> 0.45
D88: Pérdidas de derivación derivador Televés 5446 (4D) | F88: =Datos!C$6 -> 21 | G88: =Datos!D$6 -> 21
D89: Pérdidas 4,94 metros de cable coaxial | E89: =4.94 -> 4.94 | F89: =Datos!C$3*'Atenuación tomas'!$E89 -> 0.5928 | G89: =Datos!D$3*'Atenuación tomas'!$E89 -> 0.741
D90: Pérdidas de inserción o paso PAU Televés 544902 (4D) | F90: =Datos!C$17 -> 9 | G90: =Datos!D$17 -> 9
D91: Pérdidas 8,81 metros de cable coaxial | E91: =8.81 -> 8.81 | F91: =Datos!C$3*'Atenuación tomas'!$E91 -> 1.0572 | G91: =Datos!D$3*'Atenuación tomas'!$E91 -> 1.3215
D92: Pérdidas derivación toma Televés 5229 | F92: =Datos!C$21 -> 4 | G92: =Datos!D$21 -> 4
D93: Atenuación Total | F93: =SUM(F87:F92) -> 36.01 | G93: =SUM(G87:G92) -> 36.5125
A94: Planta 3
B95: Vivienda 1
C96: Toma 1, V1, P3
D97: Pérdidas 3 metros de cable coaxial | E97: =3 -> 3 | F97: =Datos!C$3*'Atenuación tomas'!$E97 -> 0.36 | G97: =Datos!D$3*'Atenuación tomas'!$E97 -> 0.45
D98: Pérdidas de paso derivador Televés 5446 (4D) | F98: =Datos!C$5 -> 0.8 | G98: =Datos!D$5 -> 0.8
D99: Pérdidas 2,85 metros de cable coaxial | E99: =2.85 -> 2.85 | F99: =Datos!C$3*'Atenuación tomas'!$E99 -> 0.342 | G99: =Datos!D$3*'Atenuación tomas'!$E99 -> 0.4275
D100: Pérdidas de derivación derivador Televés 5446 (4D) | F100: =Datos!C$6 -> 21 | G100: =Datos!D$6 -> 21
...

Sheet Resumen Atenuación tomas
E1: Longitud cable (m) | F1: 470 MHz | G1: 862 MHz
A2: Planta Ático
B3: Vivienda 1
C4: Toma 1, V1, PA
D5: Pérdidas 3 metros de cable coaxial | E5: =3 -> 3 | F5: =Datos!C$3*'Resumen Atenuación tomas'!$E5 -> 0.36 | G5: =Datos!D$3*'Resumen Atenuación tomas'!$E5 -> 0.45
D6: Pérdidas de derivación derivador Televés 5446 (4D) | F6: =Datos!C$6 -> 21 | G6: =Datos!D$6 -> 21
D7: Pérdidas 1,17 metros de cable coaxial | E7: =1.17 -> 1.17 | F7: =Datos!C$3*'Resumen Atenuación tomas'!$E7 -> 0.1404 | G7: =Datos!D$3*'Resumen Atenuación tomas'!$E7 -> 0.1755
D8: Pérdidas de inserción o paso PAU Televés 544902 (4D) | F8: =Datos!C$17 -> 9 | G8: =Datos!D$17 -> 9
D9: Pérdidas 5,83 metros de cable coaxial | E9: =5.83 -> 5.83 | F9: =Datos!C$3*'Resumen Atenuación tomas'!$E9 -> 0.6996 | G9: =Datos!D$3*'Resumen Atenuación tomas'!$E9 -> 0.8745
D10: Pérdidas derivación toma Televés 5229 | F10: =Datos!C$21 -> 4 | G10: =Datos!D$21 -> 4
D11: Atenuación Total | F11: =SUM(F5:F10) -> 35.2 | G11: =SUM(G5:G10) -> 35.5
C12: Toma 2, V1, PA
D13: Pérdidas 3 metros de cable coaxial | E13: =3 -> 3 | F13: =Datos!C$3*'Resumen Atenuación tomas'!$E13 -> 0.36 | G13: =Datos!D$3*'Resumen Atenuación tomas'!$E13 -> 0.45
D14: Pérdidas de derivación derivador Televés 5446 (4D) | F14: =Datos!C$6 -> 21 | G14: =Datos!D$6 -> 21
D15: Pérdidas 1,17 metros de cable coaxial | E15: =1.17 -> 1.17 | F15: =Datos!C$3*'Resumen Atenuación tomas'!$E15 -> 0.1404 | G15: =Datos!D$3*'Resumen Atenuación tomas'!$E15 -> 0.1755
D16: Pérdidas de inserción o paso PAU Televés 544902 (4D) | F16: =Datos!C$17 -> 9 | G16: =Datos!D$17 -> 9
D17: Pérdidas 6,19 metros de cable coaxial | E17: =6.19 -> 6.19 | F17: =Datos!C$3*'Resumen Atenuación tomas'!$E17 -> 0.7428 | G17: =Datos!D$3*'Resumen Atenuación tomas'!$E17 -> 0.9285
D18: Pérdidas derivación toma Televés 5229 | F18: =Datos!C$21 -> 4 | G18: =Datos!D$21 -> 4
D19: Atenuación Total | F19: =SUM(F13:F18) -> 35.2432 | G19: =SUM(G13:G18) -> 35.554
C20: Toma 3, V1, PA
D21: Pérdidas 3 metros de cable coaxial | E21: =3 -> 3 | F21: =Datos!C$3*'Resumen Atenuación tomas'!$E21 -> 0.36 | G21: =Datos!D$3*'Resumen Atenuación tomas'!$E21 -> 0.45
D22: Pérdidas de derivación derivador Televés 5446 (4D) | F22: =Datos!C$6 -> 21 | G22: =Datos!D$6 -> 21
D23: Pérdidas 1,17 metros de cable coaxial | E23: =1.17 -> 1.17 | F23: =Datos!C$3*'Resumen Atenuación tomas'!$E23 -> 0.1404 | G23: =Datos!D$3*'Resumen Atenuación tomas'!$E23 -> 0.1755
D24: Pérdidas de inserción o paso PAU Televés 544902 (4D) | F24: =Datos!C$17 -> 9 | G24: =Datos!D$17 -> 9
D25: Pérdidas 7,22 metros de cable coaxial | E25: =7.22 -> 7.22 | F25: =Datos!C$3*'Resumen Atenuación tomas'!$E25 -> 0.8664 | G25: =Datos!D$3*'Resumen Atenuación tomas'!$E25 -> 1.083
D26: Pérdidas derivación toma Televés 5229 | F26: =Datos!C$21 -> 4 | G26: =Datos!D$21 -> 4
D27: Atenuación Total | F27: =SUM(F21:F26) -> 35.3668 | G27: =SUM(G21:G26) -> 35.7085
C28: Toma 4, V1, PA
D29: Pérdidas 3 metros de cable coaxial | E29: =3 -> 3 | F29: =Datos!C$3*'Resumen Atenuación tomas'!$E29 -> 0.36 | G29: =Datos!D$3*'Resumen Atenuación tomas'!$E29 -> 0.45
D30: Pérdidas de derivación derivador Televés 5446 (4D) | F30: =Datos!C$6 -> 21 | G30: =Datos!D$6 -> 21
D31: Pérdidas 1,17 metros de cable coaxial | E31: =1.17 -> 1.17 | F31: =Datos!C$3*'Resumen Atenuación tomas'!$E31 -> 0.1404 | G31: =Datos!D$3*'Resumen Atenuación tomas'!$E31 -> 0.1755
D32: Pérdidas de inserción o paso PAU Televés 544902 (4D) | F32: =Datos!C$17 -> 9 | G32: =Datos!D$17 -> 9
D33: Pérdidas 6,62 metros de cable coaxial | E33: =6.62 -> 6.62 | F33: =Datos!C$3*'Resumen Atenuación tomas'!$E33 -> 0.7944 | G33: =Datos!D$3*'Resumen Atenuación tomas'!$E33 -> 0.993
D34: Pérdidas derivación toma Televés 5229 | F34: =Datos!C$21 -> 4 | G34: =Datos!D$21 -> 4
D35: Atenuación Total | F35: =SUM(F29:F34) -> 35.2948 | G35: =SUM(G29:G34) -> 35.6185
B36: Vivienda 2
C37: Toma 1, V2, PA
D38: Pérdidas 3 metros de cable coaxial | E38: =3 -> 3 | F38: =Datos!C$3*'Resumen Atenuación tomas'!$E38 -> 0.36 | G38: =Datos!D$3*'Resumen Atenuación tomas'!$E38 -> 0.45
D39: Pérdidas de derivación derivador Televés 5446 (4D) | F39: =Datos!C$6 -> 21 | G39: =Datos!D$6 -> 21
D40: Pérdidas 4,54 metros de cable coaxial | E40: =4.54 -> 4.54 | F40: =Datos!C$3*'Resumen Atenuación tomas'!$E40 -> 0.5448 | G40: =Datos!D$3*'Resumen Atenuación tomas'!$E40 -> 0.681
D41: Pérdidas de inserción o paso PAU Televés 544902 (4D) | F41: =Datos!C$17 -> 9 | G41: =Datos!D$17 -> 9
D42: Pérdidas 5,00 metros de cable coaxial | E42: =5 -> 5 | F42: =Datos!C$3*'Resumen Atenuación tomas'!$E42 -> 0.6 | G42: =Datos!D$3*'Resumen Atenuación tomas'!$E42 -> 0.75
D43: Pérdidas derivación toma Televés 5229 | F43: =Datos!C$21 -> 4 | G43: =Datos!D$21 -> 4
D44: Atenuación Total | F44: =SUM(F38:F43) -> 35.5048 | G44: =SUM(G38:G43) -> 35.881
C45: Toma 2, V2, PA
D46: Pérdidas 3 metros de cable coaxial | E46: =3 -> 3 | F46: =Datos!C$3*'Resumen Atenuación tomas'!$E46 -> 0.36 | G46: =Datos!D$3*'Resumen Atenuación tomas'!$E46 -> 0.45
D47: Pérdidas de derivación derivador Televés 5446 (4D) | F47: =Datos!C$6 -> 21 | G47: =Datos!D$6 -> 21
D48: Pérdidas 4,54 metros de cable coaxial | E48: =4.54 -> 4.54 | F48: =Datos!C$3*'Resumen Atenuación tomas'!$E48 -> 0.5448 | G48: =Datos!D$3*'Resumen Atenuación tomas'!$E48 -> 0.681
D49: Pérdidas de inserción o paso PAU Televés 544902 (4D) | F49: =Datos!C$17 -> 9 | G49: =Datos!D$17 -> 9
D50: Pérdidas 8,49 metros de cable coaxial | E50: =8.49 -> 8.49 | F50: =Datos!C$3*'Resumen Atenuación tomas'!$E50 -> 1.0188 | G50: =Datos!D$3*'Resumen Atenuación tomas'!$E50 -> 1.2735
D51: Pérdidas derivación toma Televés 5229 | F51: =Datos!C$21 -> 4 | G51: =Datos!D$21 -> 4
D52: Atenuación Total | F52: =SUM(F46:F51) -> 35.9236 | G52: =SUM(G46:G51) -> 36.4045
C53: Toma 3, V2, PA
D54: Pérdidas 3 metros de cable coaxial | E54: =3 -> 3 | F54: =Datos!C$3*'Resumen Atenuación tomas'!$E54 -> 0.36 | G54: =Datos!D$3*'Resumen Atenuación tomas'!$E54 -> 0.45
D55: Pérdidas de derivación derivador Televés 5446 (4D) | F55: =Datos!C$6 -> 21 | G55: =Datos!D$6 -> 21
D56: Pérdidas 4,54 metros de cable coaxial | E56: =4.54 -> 4.54 | F56: =Datos!C$3*'Resumen Atenuación tomas'!$E56 -> 0.5448 | G56: =Datos!D$3*'Resumen Atenuación tomas'!$E56 -> 0.681
D57: Pérdidas de inserción o paso PAU Televés 544902 (4D) | F57: =Datos!C$17 -> 9 | G57: =Datos!D$17 -> 9
D58: Pérdidas 9,67 metros de cable coaxial | E58: =9.67 -> 9.67 | F58: =Datos!C$3*'Resumen Atenuación tomas'!$E58 -> 1.1604 | G58: =Datos!D$3*'Resumen Atenuación tomas'!$E58 -> 1.4505
D59: Pérdidas derivación toma Televés 5229 | F59: =Datos!C$21 -> 4 | G59: =Datos!D$21 -> 4
D60: Atenuación Total | F60: =SUM(F54:F59) -> 36.0652 | G60: =SUM(G54:G59) -> 36.5815
B61: Vivienda 3
C62: Toma 1, V3, PA
D63: Pérdidas 3 metros de cable coaxial | E63: =3 -> 3 | F63: =Datos!C$3*'Resumen Atenuación tomas'!$E63 -> 0.36 | G63: =Datos!D$3*'Resumen Atenuación tomas'!$E63 -> 0.45
D64: Pérdidas de derivación derivador Televés 5446 (4D) | F64: =Datos!C$6 -> 21 | G64: =Datos!D$6 -> 21
D65: Pérdidas 4,94 metros de cable coaxial | E65: =4.94 -> 4.94 | F65: =Datos!C$3*'Resumen Atenuación tomas'!$E65 -> 0.5928 | G65: =Datos!D$3*'Resumen Atenuación tomas'!$E65 -> 0.741
D66: Pérdidas de inserción o paso PAU Televés 544902 (4D) | F66: =Datos!C$17 -> 9 | G66: =Datos!D$17 -> 9
D67: Pérdidas 7,88 metros de cable coaxial | E67: =7.88 -> 7.88 | F67: =Datos!C$3*'Resumen Atenuación tomas'!$E67 -> 0.9456 | G67: =Datos!D$3*'Resumen Atenuación tomas'!$E67 -> 1.182
D68: Pérdidas derivación toma Televés 5229 | F68: =Datos!C$21 -> 4 | G68: =Datos!D$21 -> 4
D69: Atenuación Total | F69: =SUM(F63:F68) -> 35.8984 | G69: =SUM(G63:G68) -> 36.373
C70: Toma 2, V3, PA
D71: Pérdidas 3 metros de cable coaxial | E71: =3 -> 3 | F71: =Datos!C$3*'Resumen Atenuación tomas'!$E71 -> 0.36 | G71: =Datos!D$3*'Resumen Atenuación tomas'!$E71 -> 0.45
D72: Pérdidas de derivación derivador Televés 5446 (4D) | F72: =Datos!C$6 -> 21 | G72: =Datos!D$6 -> 21
D73: Pérdidas 4,94 metros de cable coaxial | E73: =4.94 -> 4.94 | F73: =Datos!C$3*'Resumen Atenuación tomas'!$E73 -> 0.5928 | G73: =Datos!D$3*'Resumen Atenuación tomas'!$E73 -> 0.741
D74: Pérdidas de inserción o paso PAU Televés 544902 (4D) | F74: =Datos!C$17 -> 9 | G74: =Datos!D$17 -> 9
D75: Pérdidas 4,89 metros de cable coaxial | E75: =4.89 -> 4.89 | F75: =Datos!C$3*'Resumen Atenuación tomas'!$E75 -> 0.5868 | G75: =Datos!D$3*'Resumen Atenuación tomas'!$E75 -> 0.7335
D76: Pérdidas derivación toma Televés 5229 | F76: =Datos!C$21 -> 4 | G76: =Datos!D$21 -> 4
D77: Atenuación Total | F77: =SUM(F71:F76) -> 35.5396 | G77: =SUM(G71:G76) -> 35.9245
C78: Toma 3, V3, PA
D79: Pérdidas 3 metros de cable coaxial | E79: =3 -> 3 | F79: =Datos!C$3*'Resumen Atenuación tomas'!$E79 -> 0.36 | G79: =Datos!D$3*'Resumen Atenuación tomas'!$E79 -> 0.45
D80: Pérdidas de derivación derivador Televés 5446 (4D) | F80: =Datos!C$6 -> 21 | G80: =Datos!D$6 -> 21
D81: Pérdidas 4,94 metros de cable coaxial | E81: =4.94 -> 4.94 | F81: =Datos!C$3*'Resumen Atenuación tomas'!$E81 -> 0.5928 | G81: =Datos!D$3*'Resumen Atenuación tomas'!$E81 -> 0.741
D82: Pérdidas de inserción o paso PAU Televés 544902 (4D) | F82: =Datos!C$17 -> 9 | G82: =Datos!D$17 -> 9
D83: Pérdidas 6,65 metros de cable coaxial | E83: =6.65 -> 6.65 | F83: =Datos!C$3*'Resumen Atenuación tomas'!$E83 -> 0.798 | G83: =Datos!D$3*'Resumen Atenuación tomas'!$E83 -> 0.9975
D84: Pérdidas derivación toma Televés 5229 | F84: =Datos!C$21 -> 4 | G84: =Datos!D$21 -> 4
D85: Atenuación Total | F85: =SUM(F79:F84) -> 35.7508 | G85: =SUM(G79:G84) -> 36.1885
C86: Toma 4, V3, PA
D87: Pérdidas 3 metros de cable coaxial | E87: =3 -> 3 | F87: =Datos!C$3*'Resumen Atenuación tomas'!$E87 -> 0.36 | G87: =Datos!D$3*'Resumen Atenuación tomas'!$E87 -> 0.45
D88: Pérdidas de derivación derivador Televés 5446 (4D) | F88: =Datos!C$6 -> 21 | G88: =Datos!D$6 -> 21
D89: Pérdidas 4,94 metros de cable coaxial | E89: =4.94 -> 4.94 | F89: =Datos!C$3*'Resumen Atenuación tomas'!$E89 -> 0.5928 | G89: =Datos!D$3*'Resumen Atenuación tomas'!$E89 -> 0.741
D90: Pérdidas de inserción o paso PAU Televés 544902 (4D) | F90: =Datos!C$17 -> 9 | G90: =Datos!D$17 -> 9
D91: Pérdidas 8,81 metros de cable coaxial | E91: =8.81 -> 8.81 | F91: =Datos!C$3*'Resumen Atenuación tomas'!$E91 -> 1.0572 | G91: =Datos!D$3*'Resumen Atenuación tomas'!$E91 -> 1.3215
D92: Pérdidas derivación toma Televés 5229 | F92: =Datos!C$21 -> 4 | G92: =Datos!D$21 -> 4
D93: Atenuación Total | F93: =SUM(F87:F92) -> 36.01 | G93: =SUM(G87:G92) -> 36.5125
A94: Planta 3
B95: Vivienda 1
C96: Toma 1, V1, P3
D97: Pérdidas 3 metros de cable coaxial | E97: =3 -> 3 | F97: =Datos!C$3*'Resumen Atenuación tomas'!$E97 -> 0.36 | G97: =Datos!D$3*'Resumen Atenuación tomas'!$E97 -> 0.45
D98: Pérdidas de paso derivador Televés 5446 (4D) | F98: =Datos!C$5 -> 0.8 | G98: =Datos!D$5 -> 0.8
D99: Pérdidas 2,85 metros de cable coaxial | E99: =2.85 -> 2.85 | F99: =Datos!C$3*'Resumen Atenuación tomas'!$E99 -> 0.342 | G99: =Datos!D$3*'Resumen Atenuación tomas'!$E99 -> 0.4275
D100: Pérdidas de derivación derivador Televés 5446 (4D) | F100: =Datos!C$6 -> 21 | G100: =Datos!D$6 -> 21
...
